target,file,language,code,comment,blank
moegl_core,F:/Paper Preprocessing/Pre_Processing_Modeling_Artefacts_for_Graph_Neural_Networks__A_DSL_for_Model_Encoding/Codes/MoEGL-v2/moegl/config.py,Python,146,7,24
moegl_core,F:/Paper Preprocessing/Pre_Processing_Modeling_Artefacts_for_Graph_Neural_Networks__A_DSL_for_Model_Encoding/Codes/MoEGL-v2/moegl/extract.py,Python,142,34,29
moegl_core,F:/Paper Preprocessing/Pre_Processing_Modeling_Artefacts_for_Graph_Neural_Networks__A_DSL_for_Model_Encoding/Codes/MoEGL-v2/moegl/encoders.py,Python,114,13,22
moegl_core,F:/Paper Preprocessing/Pre_Processing_Modeling_Artefacts_for_Graph_Neural_Networks__A_DSL_for_Model_Encoding/Codes/MoEGL-v2/moegl/adapt.py,Python,103,18,23
moegl_core,F:/Paper Preprocessing/Pre_Processing_Modeling_Artefacts_for_Graph_Neural_Networks__A_DSL_for_Model_Encoding/Codes/MoEGL-v2/moegl/cli.py,Python,68,1,19
moegl_core,F:/Paper Preprocessing/Pre_Processing_Modeling_Artefacts_for_Graph_Neural_Networks__A_DSL_for_Model_Encoding/Codes/MoEGL-v2/moegl/hetero.py,Python,56,9,10
moegl_core,F:/Paper Preprocessing/Pre_Processing_Modeling_Artefacts_for_Graph_Neural_Networks__A_DSL_for_Model_Encoding/Codes/MoEGL-v2/moegl/graphs.py,Python,27,6,9
moegl_core,F:/Paper Preprocessing/Pre_Processing_Modeling_Artefacts_for_Graph_Neural_Networks__A_DSL_for_Model_Encoding/Codes/MoEGL-v2/moegl/__main__.py,Python,2,0,1
moegl_config_exp1_ecore,F:/Paper Preprocessing/Pre_Processing_Modeling_Artefacts_for_Graph_Neural_Networks__A_DSL_for_Model_Encoding/Codes/MoEGL-v2/configs/exp1_lopez_ecore.yaml,YAML,29,7,0
moegl_config_exp1_rds,F:/Paper Preprocessing/Pre_Processing_Modeling_Artefacts_for_Graph_Neural_Networks__A_DSL_for_Model_Encoding/Codes/MoEGL-v2/configs/exp1_lopez_rds.yaml,YAML,27,9,0
moegl_config_exp1_yakindu,F:/Paper Preprocessing/Pre_Processing_Modeling_Artefacts_for_Graph_Neural_Networks__A_DSL_for_Model_Encoding/Codes/MoEGL-v2/configs/exp1_lopez_yakindu.yaml,YAML,24,10,0
moegl_config_exp2,F:/Paper Preprocessing/Pre_Processing_Modeling_Artefacts_for_Graph_Neural_Networks__A_DSL_for_Model_Encoding/Codes/MoEGL-v2/configs/exp2_rahimi_carwash.yaml,YAML,14,2,0
moegl_config_exp3,F:/Paper Preprocessing/Pre_Processing_Modeling_Artefacts_for_Graph_Neural_Networks__A_DSL_for_Model_Encoding/Codes/MoEGL-v2/configs/exp3_miranda_fsm.yaml,YAML,19,2,0
lopez,F:/Paper Preprocessing/Pre_Processing_Modeling_Artefacts_for_Graph_Neural_Networks__A_DSL_for_Model_Encoding/Codes/MoEGL-v2/experiments/bespoke_encoders/lopez/gg/core/Parser.java,Java,236,8,50
lopez,F:/Paper Preprocessing/Pre_Processing_Modeling_Artefacts_for_Graph_Neural_Networks__A_DSL_for_Model_Encoding/Codes/MoEGL-v2/experiments/bespoke_encoders/lopez/gg/main/GenerateRealGraphsEcore.java,Java,190,8,29
lopez,F:/Paper Preprocessing/Pre_Processing_Modeling_Artefacts_for_Graph_Neural_Networks__A_DSL_for_Model_Encoding/Codes/MoEGL-v2/experiments/bespoke_encoders/lopez/gg/core/GraphModel.java,Java,91,0,41
lopez,F:/Paper Preprocessing/Pre_Processing_Modeling_Artefacts_for_Graph_Neural_Networks__A_DSL_for_Model_Encoding/Codes/MoEGL-v2/experiments/bespoke_encoders/lopez/gg/core/MetaFilterNames.java,Java,80,2,27
lopez,F:/Paper Preprocessing/Pre_Processing_Modeling_Artefacts_for_Graph_Neural_Networks__A_DSL_for_Model_Encoding/Codes/MoEGL-v2/experiments/bespoke_encoders/lopez/gg/main/GenerateRealGraphsRDS.java,Java,59,0,11
lopez,F:/Paper Preprocessing/Pre_Processing_Modeling_Artefacts_for_Graph_Neural_Networks__A_DSL_for_Model_Encoding/Codes/MoEGL-v2/experiments/bespoke_encoders/lopez/gg/loaders/YakinduFullLoader.java,Java,56,6,11
lopez,F:/Paper Preprocessing/Pre_Processing_Modeling_Artefacts_for_Graph_Neural_Networks__A_DSL_for_Model_Encoding/Codes/MoEGL-v2/experiments/bespoke_encoders/lopez/gg/core/MetaFilterLiterals.java,Java,53,4,13
lopez,F:/Paper Preprocessing/Pre_Processing_Modeling_Artefacts_for_Graph_Neural_Networks__A_DSL_for_Model_Encoding/Codes/MoEGL-v2/experiments/bespoke_encoders/lopez/gg/loaders/RdsFull.java,Java,53,0,12
lopez,F:/Paper Preprocessing/Pre_Processing_Modeling_Artefacts_for_Graph_Neural_Networks__A_DSL_for_Model_Encoding/Codes/MoEGL-v2/experiments/bespoke_encoders/lopez/gg/main/GenerateRealGraphsYakindu.java,Java,37,1,11
lopez,F:/Paper Preprocessing/Pre_Processing_Modeling_Artefacts_for_Graph_Neural_Networks__A_DSL_for_Model_Encoding/Codes/MoEGL-v2/experiments/bespoke_encoders/lopez/python/json2graph.py,Python,15,4,2
lopez,F:/Paper Preprocessing/Pre_Processing_Modeling_Artefacts_for_Graph_Neural_Networks__A_DSL_for_Model_Encoding/Codes/MoEGL-v2/experiments/bespoke_encoders/lopez/gg/core/IMetaFilter.java,Java,14,0,8
rahimi,F:/Paper Preprocessing/Pre_Processing_Modeling_Artefacts_for_Graph_Neural_Networks__A_DSL_for_Model_Encoding/Codes/MoEGL-v2/experiments/bespoke_encoders/rahimi/encoder.py,Python,249,54,28
miranda,F:/Paper Preprocessing/Pre_Processing_Modeling_Artefacts_for_Graph_Neural_Networks__A_DSL_for_Model_Encoding/Codes/MoEGL-v2/experiments/bespoke_encoders/miranda/utils/to_graph.py,Python,140,65,40
miranda,F:/Paper Preprocessing/Pre_Processing_Modeling_Artefacts_for_Graph_Neural_Networks__A_DSL_for_Model_Encoding/Codes/MoEGL-v2/experiments/bespoke_encoders/miranda/utils/encoders.py,Python,29,8,10
miranda,F:/Paper Preprocessing/Pre_Processing_Modeling_Artefacts_for_Graph_Neural_Networks__A_DSL_for_Model_Encoding/Codes/MoEGL-v2/experiments/bespoke_encoders/miranda/modeling/metamodels.py,Python,24,25,15
